INSERT INTO verb (id, verb) VALUES
  (10001, 'Adding'),
  (10002, 'Adjusting'),
  (10003, 'Aesthesizing'),
  (10004, 'Aligning'),
  (10005, 'Applying'),
  (10006, 'Asserting'),
  (10007, 'Attempting'),
  (10008, 'Binding'),
  (10009, 'Breeding'),
  (10010, 'Building'),
  (10011, 'Bureacritizing'),
  (10012, 'Calibrating'),
  (10013, 'Charging'),
  (10014, 'Coalescing'),
  (10015, 'Cohorting'),
  (10016, 'Collecting'),
  (10017, 'Compounding'),
  (10018, 'Compressing'),
  (10019, 'Computing'),
  (10020, 'Concatenating'),
  (10021, 'Containing'),
  (10022, 'Debarking'),
  (10023, 'Debunching'),
  (10024, 'Deciding'),
  (10025, 'Decomposing'),
  (10026, 'Decrementing'),
  (10027, 'Deleting'),
  (10028, 'Depixelating'),
  (10029, 'Depositing'),
  (10030, 'Destabilizing'),
  (10031, 'Determining'),
  (10032, 'Deunionizing'),
  (10033, 'Dicing'),
  (10034, 'Diluting'),
  (10035, 'Downloading'),
  (10036, 'Exposing'),
  (10037, 'Extracting'),
  (10038, 'Factoring'),
  (10039, 'Fixing'),
  (10040, 'Filling'),
  (10041, 'Flushing'),
  (10042, 'Gathering'),
  (10043, 'Generating'),
  (10044, 'Gesticulating'),
  (10045, 'Graphing'),
  (10046, 'Hiding'),
  (10047, 'Implementing'),
  (10048, 'Increasing'),
  (10049, 'Initializing'),
  (10050, 'Inserting'),
  (10051, 'Integrating'),
  (10052, 'Iterating'),
  (10053, 'Lecturing'),
  (10054, 'Mixing'),
  (10055, 'Modeling'),
  (10056, 'Mopping'),
  (10057, 'Normalizing'),
  (10058, 'Obfuscating'),
  (10059, 'Overconstraining'),
  (10060, 'Partitioning'),
  (10061, 'Perturbing'),
  (10062, 'Pixalating'),
  (10063, 'Polishing'),
  (10064, 'Populating'),
  (10065, 'Preparing'),
  (10066, 'Prioritizing'),
  (10067, 'Projecting'),
  (10068, 'Realigning'),
  (10069, 'Reconfiguring'),
  (10070, 'Relaxing'),
  (10071, 'Removing'),
  (10072, 'Resolving'),
  (10073, 'Reticulating'),
  (10074, 'Retracting'),
  (10075, 'Retrieving'),
  (10076, 'Reversing'),
  (10077, 'Routing'),
  (10078, 'Scattering'),
  (10079, 'Scrubbing'),
  (10080, 'Searching for'),
  (10081, 'Seeding'),
  (10082, 'Sequencing'),
  (10083, 'Setting'),
  (10084, 'Sonically enhancing'),
  (10085, 'Speculating'),
  (10086, 'Splatting'),
  (10087, 'Stratifying'),
  (10088, 'Sub-Sampling'),
  (10089, 'Synthesizing'),
  (10090, 'Time-Compressing'),
  (10092, 'Disabling'),
  (10093, 'Weathering'),
  (10094, 'Zeroing'),
  (10095, 'Fueling'),
  (10096, 'Locking'),
  (10097, 'Acquiring'),
  (10098, 'Finalizing'),
  (10099, 'Excavating'),
  (10100, 'Recalibrating')
;

INSERT INTO adjective (id, adjective) VALUES
  (10001, 'Accuracy'),
  (10002, 'Advisor'),
  (10003, 'Alternate'),
  (10004, 'Architecture'),
  (10005, 'Ark'),
  (10006, 'Bell'),
  (10007, 'Blue'),
  (10008, 'Cellular'),
  (10009, 'City'),
  (10010, 'Cloud'),
  (10011, 'Covariance'),
  (10012, 'Crime'),
  (10013, 'Curves'),
  (10014, 'Data'),
  (10015, 'Dirty'),
  (10016, 'Economic'),
  (10017, 'Election'),
  (10018, 'Engineering'),
  (10019, 'Enhancing'),
  (10020, 'Errant'),
  (10021, 'Existential'),
  (10022, 'Expectoration'),
  (10023, 'Fauna'),
  (10024, 'FengShui'),
  (10025, 'Ferry'),
  (10026, 'Fish'),
  (10027, 'Flash'),
  (10028, 'GUID'),
  (10029, 'Genetic'),
  (10030, 'Physical'),
  (10031, 'Grid'),
  (10032, 'Ground'),
  (10033, 'Ground'),
  (10034, 'Hidden'),
  (10035, 'Illumination'),
  (10036, 'Impeachment'),
  (10037, 'Industrial'),
  (10038, 'Inert'),
  (10039, 'Inner'),
  (10040, 'Inverse'),
  (10041, 'Law'),
  (10042, 'Livestock'),
  (10043, 'Lock'),
  (10044, 'Lot'),
  (10045, 'Meteor'),
  (10046, 'Network'),
  (10047, 'Neural'),
  (10048, 'Nude'),
  (10049, 'Object'),
  (10050, 'Occupant'),
  (10051, 'Optimal'),
  (10052, 'Ozone'),
  (10053, 'Packed'),
  (10054, 'Particle'),
  (10055, 'Pay'),
  (10056, 'Phong'),
  (10057, 'Pipe'),
  (10058, 'Population'),
  (10059, 'Quigley'),
  (10060, 'Resources'),
  (10061, 'Road'),
  (10062, 'Robotic'),
  (10063, 'Sapling'),
  (10064, 'Satellite'),
  (10065, 'Singular'),
  (10066, 'Slush'),
  (10067, 'Stock'),
  (10068, 'Sublimated'),
  (10069, 'Tectonic'),
  (10070, 'Texture'),
  (10071, 'Theatre'),
  (10072, 'Tracking'),
  (10073, 'Unionized'),
  (10074, 'Universal'),
  (10075, 'Vehicle'),
  (10076, 'Water'),
  (10077, 'Whale'),
  (10078, 'Willio'),
  (10079, 'Flux'),
  (10080, 'Data'),
  (10081, 'Spline'),
  (10082, 'Storage'),
  (10083, 'Plasma'),
  (10084, 'Cache'),
  (10085, 'Nutrition'),
  (10086, 'Probability'),
  (10087, 'Laser'),
  (10088, 'Industry'),
  (10089, 'Outcome'),
  (10090, 'Breeding'),
  (10100, 'AI')
;

INSERT INTO noun (id, noun) VALUES
  (10001, 'Agendas'),
  (10002, 'Curves'),
  (10003, 'Areas'),
  (10004, 'Matrices'),
  (10005, 'Shaders'),
  (10006, 'Layer'),
  (10007, 'Exemplars'),
  (10008, 'Back-Buffer'),
  (10009, 'Root System'),
  (10010, 'Constants'),
  (10011, 'Trees'),
  (10012, 'Bureaucracies'),
  (10013, 'Matrices'),
  (10014, 'Trajectory'),
  (10015, 'Skies'),
  (10016, 'Layer'),
  (10017, 'Formations'),
  (10018, 'Exemplars'),
  (10019, 'Particles'),
  (10020, 'Tessellations'),
  (10021, 'Files'),
  (10022, 'Bin-Packing'),
  (10023, 'Indicators'),
  (10024, 'Buffer'),
  (10025, 'Ramp'),
  (10026, 'Services'),
  (10027, 'Messages'),
  (10028, 'Values'),
  (10029, 'Plates'),
  (10030, 'Routes'),
  (10031, 'Surface'),
  (10032, 'Funds'),
  (10033, 'Indicators'),
  (10034, 'Blast-Fronts'),
  (10035, 'Bulldozers'),
  (10036, 'Models'),
  (10037, 'Variables'),
  (10038, 'Data'),
  (10039, 'Variables'),
  (10040, 'Mechanism'),
  (10041, 'Scale'),
  (10042, 'Data'),
  (10043, 'Water'),
  (10044, 'Network'),
  (10045, 'Sources'),
  (10046, 'Jobs'),
  (10047, 'Mimes'),
  (10048, 'Migration'),
  (10049, 'Mask'),
  (10050, 'Routine'),
  (10051, 'of RCI Simulators'),
  (10052, 'Magmafacation'),
  (10053, 'Mechanism'),
  (10054, 'Timetable'),
  (10055, 'Click-Path'),
  (10056, 'Messages'),
  (10057, 'Behavior'),
  (10058, 'Form Factors'),
  (10059, 'Graphs'),
  (10060, 'Automata'),
  (10061, 'Subsystems'),
  (10062, 'Pool'),
  (10063, 'Components'),
  (10064, 'Leaks'),
  (10065, 'Power'),
  (10066, 'Matrix'),
  (10067, 'Calculations'),
  (10068, 'Singularities'),
  (10069, 'Matrices'),
  (10070, 'Patch'),
  (10071, 'Highlights'),
  (10072, 'Templates'),
  (10073, 'Sprites'),
  (10074, 'Landmarks'),
  (10075, 'Enforcement'),
  (10076, 'Time-Frames'),
  (10077, 'Processes'),
  (10078, 'Splines'),
  (10079, 'Speed'),
  (10080, 'Gradients'),
  (10081, 'Avoidance'),
  (10082, 'Conflict'),
  (10083, 'Splines'),
  (10084, 'Shader'),
  (10085, 'Parameters'),
  (10086, 'Image'),
  (10087, 'Network'),
  (10088, 'Sources'),
  (10089, 'Terrain'),
  (10090, 'Timber'),
  (10091, 'Simulation'),
  (10092, 'Particles'),
  (10093, 'Moods'),
  (10094, 'Deity'),
  (10095, 'Gravity'),
  (10096, 'Intake'),
  (10097, 'Market'),
  (10098, 'Transforms'),
  (10099, 'Layers'),
  (10100, 'Data'),
  (10101, 'Infanstructure'),
  (10102, 'Wavelets'),
  (10103, 'Simulator'),
  (10104, 'Activity'),
  (10105, 'Buildings'),
  (10106, 'Indices'),
  (10107, 'Bumps'),
  (10108, 'Consultant'),
  (10109, 'Capacitor'),
  (10110, 'Conduit'),
  (10111, 'Assembler'),
  (10112, 'Disk'),
  (10113, 'Detector'),
  (10114, 'Integrator'),
  (10115, 'Processor')
;

INSERT INTO sim_city (id, message) VALUES
  (10001, 'Adding Hidden Agendas'),
  (10002, 'Adjusting Bell Curves'),
  (10003, 'Aesthesizing Industrial Areas'),
  (10004, 'Aligning Covariance Matrices'),
  (10005, 'Applying Feng Shui Shaders'),
  (10006, 'Applying Theatre Soda Layer'),
  (10007, 'Asserting Packed Exemplars'),
  (10008, 'Attempting to Lock Back-Buffer'),
  (10009, 'Binding Sapling Root System'),
  (10010, 'Breeding Fauna'),
  (10011, 'Building Data Trees'),
  (10012, 'Bureacritizing Bureaucracies'),
  (10013, 'Calculating Inverse Probability Matrices'),
  (10014, 'Calculating Llama Expectoration Trajectory'),
  (10015, 'Calibrating Blue Skies'),
  (10016, 'Charging Ozone Layer'),
  (10017, 'Coalescing Cloud Formations'),
  (10018, 'Cohorting Exemplars'),
  (10019, 'Collecting Meteor Particles'),
  (10020, 'Compounding Inert Tessellations'),
  (10021, 'Compressing Fish Files'),
  (10022, 'Computing Optimal Bin Packing'),
  (10023, 'Concatenating Sub-Contractors'),
  (10024, 'Containing Existential Buffer'),
  (10025, 'Debarking Ark Ramp'),
  (10026, 'Debunching Unionized Commercial Services'),
  (10027, 'Deciding What Message to Display Next'),
  (10028, 'Decomposing Singular Values'),
  (10029, 'Decrementing Tectonic Plates'),
  (10030, 'Deleting Ferry Routes'),
  (10031, 'Depixelating Inner Mountain Surface Back Faces'),
  (10032, 'Depositing Slush Funds'),
  (10033, 'Destabilizing Economic Indicators'),
  (10034, 'Determining Width of Blast Fronts'),
  (10035, 'Deunionizing Bulldozers'),
  (10036, 'Dicing Models'),
  (10037, 'Diluting Livestock Nutrition Variables'),
  (10038, 'Downloading Satellite Terrain Data'),
  (10039, 'Exposing Flash Variables to Streak System'),
  (10040, 'Extracting Resources'),
  (10041, 'Factoring Pay Scale'),
  (10042, 'Fixing Election Outcome Matrix'),
  (10043, 'Flood-Filling Ground Water'),
  (10044, 'Flushing Pipe Network'),
  (10045, 'Gathering Particle Sources'),
  (10046, 'Generating Jobs'),
  (10047, 'Gesticulating Mimes'),
  (10048, 'Graphing Whale Migration'),
  (10049, 'Hiding Willio Webnet Mask'),
  (10050, 'Implementing Impeachment Routine'),
  (10051, 'Increasing Accuracy of RCI Simulators'),
  (10052, 'Increasing Magmafacation'),
  (10053, 'Initializing My Sim Tracking Mechanism'),
  (10054, 'Initializing Rhinoceros Breeding Timetable'),
  (10055, 'Initializing Robotic Click-Path AI'),
  (10056, 'Inserting Sublimated Messages'),
  (10057, 'Integrating Curves'),
  (10058, 'Integrating Illumination Form Factors'),
  (10059, 'Integrating Population Graphs'),
  (10060, 'Iterating Cellular Automata'),
  (10061, 'Lecturing Errant Subsystems'),
  (10062, 'Mixing Genetic Pool'),
  (10063, 'Modeling Object Components'),
  (10064, 'Mopping Occupant Leaks'),
  (10065, 'Normalizing Power'),
  (10066, 'Obfuscating Quigley Matrix'),
  (10067, 'Overconstraining Dirty Industry Calculations'),
  (10068, 'Partitioning City Grid Singularities'),
  (10069, 'Perturbing Matrices'),
  (10070, 'Pixalating Nude Patch'),
  (10071, 'Polishing Water Highlights'),
  (10072, 'Populating Lot Templates'),
  (10073, 'Preparing Sprites for Random Walks'),
  (10074, 'Prioritizing Landmarks'),
  (10075, 'Projecting Law Enforcement Pastry Intake'),
  (10076, 'Realigning Alternate Time Frames'),
  (10077, 'Reconfiguring User Mental Processes'),
  (10078, 'Relaxing Splines'),
  (10079, 'Removing Road Network Speed Bumps'),
  (10080, 'Removing Texture Gradients'),
  (10081, 'Removing Vehicle Avoidance Behavior'),
  (10082, 'Resolving GUID Conflict'),
  (10083, 'Reticulating Splines'),
  (10084, 'Retracting Phong Shader'),
  (10085, 'Retrieving from Back Store'),
  (10086, 'Reverse Engineering Image Consultant'),
  (10087, 'Routing Neural Network Infanstructure'),
  (10088, 'Scattering Rhino Food Sources'),
  (10089, 'Scrubbing Terrain'),
  (10090, 'Searching for Llamas'),
  (10091, 'Seeding Architecture Simulation Parameters'),
  (10092, 'Sequencing Particles'),
  (10093, 'Setting Advisor Moods'),
  (10094, 'Setting Inner Deity Indicators'),
  (10095, 'Setting Universal Physical Constants'),
  (10096, 'Sonically Enhancing Occupant-Free Timber'),
  (10097, 'Speculating Stock Market Indices'),
  (10098, 'Splatting Transforms'),
  (10099, 'Stratifying Ground Layers'),
  (10100, 'Sub-Sampling Water Data'),
  (10101, 'Synthesizing Gravity'),
  (10102, 'Synthesizing Wavelets'),
  (10103, 'Time-Compressing Simulator Clock'),
  (10104, 'Unable to Reveal Current Activity'),
  (10105, 'Weathering Buildings'),
  (10106, 'Zeroing Crime Network')
;

INSERT INTO author (id, name) VALUES
  (10001,	'Yoda')
;

INSERT INTO quote (id, quote, author_id) VALUES
  (10001,	'If you end your training now — if you choose the quick and easy path — you will become an agent of evil.', 10001),
  (10002,	'You must unlearn what you have learned.', 10001),
  (10004,	'Train yourself to let go… of everything you fear to lose.', 10001),
  (10005,	'Always pass on what you have learned.', 10001),
  (10006,	'Feel the force!', 10001),
  (10007,	'Fear is the path to the dark side. Fear leads to anger. Anger leads to hate. Hate leads to suffering.', 10001),
  (10008,	'You will know when you are calm, at peace. Passive. A Jedi uses the Force for knowledge and defense, never for attack.', 10001),
  (10009,	'Smaller in number are we, but larger in mind.', 10001),
  (10010,	'Powerful you have become, the dark side I sense in you.', 10001),
  (10014,	'Padawan, thousands of Jedi once there were.', 10001),
  (10015,	'In a dark place we find ourselves, and a little more knowledge lights our way.', 10001),
  (10016,	'[Luke Skywalker:] I can’t believe it. [:] That is why you fail.', 10001),
  (10017,	'Hmm. Darker the coming storm grows. I fear the dark cloud of the Sith shrouds us all.', 10001),
  (10018,	'Pass on what you have learned.', 10001),
  (10019,	'Ready are you? What know you of ready?', 10001),
  (10020,	'Wrong? Hmm. A long time, fought I did. Consumed by fear, I was, though see it I did not.', 10001),
  (10021,	'Patience you must have my young padawan.', 10001),
  (10023,	'Yes, afraid. Hmm, surprised are you? A challenge lifelong it is, not to bend fear into anger.', 10001),
  (10025,	'Death is a natural part of life. Rejoice for those around you who transform into the Force. Mourn them do not. Miss them do not.', 10001),
  (10026,	'Use your feelings, Obi-Wan, and find him you will.', 10001),
  (10027,	'Attachment leads to jealously. The shadow of greed, that is.', 10001),
  (10028,	'Destroy the Sith we must.', 10001),
  (10029,	'Ahhh! ’s little friend you seek!', 10001),
  (10030,	'Mudhole? Slimy? My home this is!', 10001),
  (10031,	'May the Force be with you.', 10001),
  (10033,	'Faith in your new apprentice, misplaced may be. As is your faith in the dark side of the Force.', 10001),
  (10034,	'To answer power with power, the Jedi way this is not. In this war, a danger there is, of losing who we are.', 10001),
  (10035,	'Happens to every guy sometimes this does', 10001),
  (10036,	'Who’s your Jedi Master? Who’s your Jedi Master?', 10001),
  (10037,	'Reckless he is. Matters are worse.', 10001),
  (10038,	'Always two there are, no more, no less. A master and an apprentice.', 10001),
  (10039,	'Mine, or I will help you not!', 10001),
  (10040,	'Difficult to see. Always in motion is the future…', 10001),
  (10041,	'At an end your rule is, and not short enough it was!', 10001),
  (10042,	'In a dark place we find ourselves, and a little more knowledge lights our way.', 10001),
  (10043,	'I was not strong enough to defeat him. Like his master before him, be destroyed, he must.', 10001),
  (10044,	'Control, control, you must learn control!', 10001),
  (10046,	'Do. Or do not. There is no try.', 10001),
  (10048,	'Lost a planet Master Obi-Wan has. How embarrassing…', 10001),
  (10049,	'Good relations with the Wookiees, I have.', 10001),
  (10050,	'Soon will I rest, yes, forever sleep. Earned it I have. Twilight is upon me, soon night must fall.', 10001),
  (10051,	'Not if anything to say about it I have', 10001),
  (10053,	'[Speaking about Luke and Leia Skywalker] Save them we must. They are our last hope.', 10001),
  (10054,	'Your weapons, you will not need them.', 10001),
  (10055,	'When nine hundred years old you reach, look as good, you will not, hm?', 10001),
  (10056,	'Do not assume anything Obi-Wan. Clear your mind must be if you are to discover the real villains behind this plot.', 10001),
  (10057,	'Many of the truths that we cling to depend on our point of view.', 10001),
  (10058,	'You will find only what you bring in.', 10001),
  (10059,	'Put a shield on my saber I must', 10001),
  (10060,	'Already know you that which you need.', 10001),
  (10061,	'Oh. Great warrior.Wars not make one great.', 10001),
  (10062,	'Many men have failed but I have surpassed their expectation of being a Jedi master.', 10001),
  (10063,	'Younglings, younglings gather ’round.', 10001),
  (10064,	'You think Yoda stops teaching, just because his student does not want to hear? A teacher Yoda is. Yoda teaches like drunkards drink, like killers kill.', 10001),
  (10065,	'Only the Dark Lord of the Sith knows of our weakness. If informed the senate is, multiply our adversaries will.', 10001),
  (10066,	'The dark side clouds everything. Impossible to see, the future is.', 10001),
  (10067,	'You must feel the Force around you. Here, between you… me… the tree… the rock… everywhere! Yes, even between this land and that ship!', 10001),
  (10068,	'Pain, suffering, and death I feel. Something terrible has happened. Young Skywalker is in pain. Terrible pain', 10001),
  (10069,	'Luminous beings are we… not this crude matter.', 10001),
  (10070,	'Not victory, Obi-Wan. The shroud of the Dark Side has fallen. Begun, this Clone War has.', 10001),
  (10071,	'The boy you trained, gone he is. Consumed by Darth Vader.', 10001),
  (10072,	'When you look at the dark side, careful you must be. For the dark side looks back.', 10001),
  (10073,	'Strong is Vader. Mind what you have learned. Save you it can.', 10001),
  (10074,	'If so powerful you are… why leave?', 10001),
  (10075,	'Clear your mind must be, if you are to find the villains behind this plot.', 10001),
  (10076,	'If into the security recordings you go, only pain will you find.', 10001),
  (10077,	'Truly wonderful the mind of a child is.', 10001),
  (10078,	'I cannot teach him. The boy has no patience.', 10001),
  (10079,	'Hmm. To a dark place this line of thought will carry us. Great care we must take.', 10001),
  (10080,	'A Jedi uses the Force for knowledge and defense, never for attack.', 10001),
  (10081,	'Through the Force, things you will see. Other places. The future… the past. Old friends long gone.', 10001),
  (10082,	'To be Jedi is to face the truth, and choose. Give off light, or darkness, Padawan. Be a candle or the night.', 10001),
  (10083,	'Joined the Dark Side Dooku has. Lies, deceit, creating mistrust are his ways now.', 10001),
  (10084,	'Only a fully-trained Jedi Knight, with the Force as his ally, will conquer Vader and his Emperor.', 10001),
  (10085,	'Not if anything to say about it I have', 10001),
  (10086,	'Named must your fear be before banish it you can.', 10001),
  (10087,	'Foreplay, cuddling a Jedi craves not these things', 10001),
  (10088,	'Blind we are, if creation of this clone army we could not see.', 10001),
  (10089,	'Looking? Found someone you have, eh?', 10001),
  (10090,	'Win the war swiftly we must, before our enemy’s designs reach completion, whatever they may be.', 10001),
  (10091,	'Hmm. In the end, cowards are those who follow the dark side.', 10001),
  (10092,	'[Luke Skywalker:] What’s in there? [:] Only what you take with you.', 10001),
  (10093,	'No! Unfortunate that you rushed to face him… that incomplete was your training. That… not ready for the burden were you.', 10001),
  (10094,	'If into the security recordings you go, only pain will you find.', 10001),
  (10095,	'Size matters not. Look at me. Judge me by my size, do you? Hmm? Hmm. And well you should not.', 10001),
  (10096,	'The fear of loss is a path to the Dark Side.', 10001),
  (10097,	'[When asked if he can die:] Strong am I with the Force, but not that strong.', 10001),
  (10098,	'Early must I rise. Leave now you must!', 10001),
  (10099,	'Meditate on this I will.', 10001),
  (10100,	'Much to learn you still have… my old padawan. This is just the beginning!', 10001),
  (10101,	'Away put your weapon. I mean you no harm.', 10001),
  (10102,	'Yes. Yes. A flaw more and more common among Jedi. Too sure of themselves they are. Even the older, more experienced ones.', 10001),
  (10103,	'If no mistake have you made, yet losing you are… a different game you should play', 10001),
  (10104,	'Around the survivors a perimeter create.', 10001),
  (10105,	'Accept the challenge I do, Your Highness. Arrive by nightfall, I will.', 10001),
  (10106,	'Into exile I must go. Failed, I have.', 10001),
  (10107,	'Stay for some soup you must.', 10001)
;